s2cDNADate,s2cDNAPreparer,s2cDNASampleNumber,s2cDNAProtocol,roboticS2Prep
05.30.19,J.PLAGGENBERG,05.30.19,,No
05.30.19,J.PLAGGENBERG,05.30.19,,No
05.30.19,J.PLAGGENBERG,05.30.19,,No
05.30.19,J.PLAGGENBERG,05.30.19,,No
05.30.19,J.PLAGGENBERG,05.30.19,,No
05.30.19,J.PLAGGENBERG,05.30.19,,No
05.30.19,J.PLAGGENBERG,05.30.19,,No
05.30.19,J.PLAGGENBERG,05.30.19,,No
05.30.19,J.PLAGGENBERG,05.30.19,,No
05.30.19,J.PLAGGENBERG,05.30.19,,No
05.30.19,J.PLAGGENBERG,05.30.19,,No
05.30.19,J.PLAGGENBERG,05.30.19,,No
05.30.19,J.PLAGGENBERG,05.30.19,,No
05.30.19,J.PLAGGENBERG,05.30.19,,No
05.30.19,J.PLAGGENBERG,05.30.19,,No
05.30.19,J.PLAGGENBERG,05.30.19,,No
05.30.19,J.PLAGGENBERG,05.30.19,,No
05.30.19,J.PLAGGENBERG,05.30.19,,No
05.30.19,J.PLAGGENBERG,05.30.19,,No
05.30.19,J.PLAGGENBERG,05.30.19,,No
05.30.19,J.PLAGGENBERG,05.30.19,,No
05.30.19,J.PLAGGENBERG,05.30.19,,No
05.30.19,J.PLAGGENBERG,05.30.19,,No
05.30.19,J.PLAGGENBERG,05.30.19,,No
05.30.19,J.PLAGGENBERG,05.30.19,,No
05.30.19,J.PLAGGENBERG,05.30.19,,No
05.30.19,J.PLAGGENBERG,05.30.19,,No
05.30.19,J.PLAGGENBERG,05.30.19,,No
05.30.19,J.PLAGGENBERG,05.30.19,,No
05.30.19,J.PLAGGENBERG,05.30.19,,No
05.30.19,J.PLAGGENBERG,05.30.19,,No
05.30.19,J.PLAGGENBERG,05.30.19,,No
05.30.19,J.PLAGGENBERG,05.30.19,,No
05.30.19,J.PLAGGENBERG,05.30.19,,No
05.30.19,J.PLAGGENBERG,05.30.19,,No
05.30.19,J.PLAGGENBERG,05.30.19,,No